{
  "assessments": [
    { "id": "1", "name": "Car", "shortName": "Car", "description": "Car description 1", "labels": ["Car", "label 1-1", "label 1-2"] },
    { "id": "2", "name": "Motorcycle", "shortName": "Motorcycle", "description": "Motorcycle description 2", "labels": ["Motorcycle", "label 2-1", "label 2-2"] },
    { "id": "3", "name": "Rigid Vehicle", "shortName": "Rigid Vehicle", "description": "Rigid Vehicle description 3", "labels": ["Rigid Vehicle", "label 3-1", "label 3-2"] }
  ],

  "options": [
    { "name": "All Questions", "description": "Appear for all questions" },
    { "name": "Random", "description": "Random question from question bank" },
    { "name": "Categories", "description": "Question from selected category" },
    { "name": "Test", "description": "Generate test based on rules defined" }
  ],

  "questions": {
    "preAssessmentQuestions": [],
    "questions": [
      {
        "id": "1",
        "value": "first question",
        "description": "some description if required",
        "optionType": "multi-select",
        "options": [
          { "id": "1", "value": "option 1" },
          { "id": "2", "value": "option 2" },
          { "id": "3", "value": "option 3" },
          { "id": "4", "value": "option 4" }
        ]
      }, {
        "id": "2",
        "value": "second question",
        "description": "some description if required",
        "optionType": "single-select",
        "options": [
          { "id": "1", "value": "option 1" },
          { "id": "2", "value": "option 2" },
          { "id": "3", "value": "option 3" },
          { "id": "4", "value": "option 4" }
        ]
      }, {
        "id": "3",
        "value": "third question",
        "description": "some description if required",
        "optionType": "multi-select-with-text",
        "options": [
          { "id": "1", "value": "option 1" },
          { "id": "2", "value": "option 2" },
          { "id": "3", "value": "option 3" },
          { "id": "4", "value": "option 4" }
        ]
      }, {
        "id": "4",
        "value": "third question",
        "description": "some description if required",
        "optionType": "select-with-text",
        "options": [
          { "id": "1", "value": "option 1" },
          { "id": "2", "value": "option 2" },
          { "id": "3", "value": "option 3" },
          { "id": "4", "value": "option 4" }
        ]
      }
    ]
  }
}
